{"('High', 'min')":{"(11, 2021)":55329.2578125},"('High', 'max')":{"(11, 2021)":68789.625},"('High', 'mean')":{"(11, 2021)":62143.6065463362},"('Low', 'min')":{"(11, 2021)":53569.765625},"('Low', 'max')":{"(11, 2021)":66382.0625},"('Low', 'mean')":{"(11, 2021)":59403.8779633621},"('Volume', 'min')":{"(11, 2021)":24726754302.0},"('Volume', 'max')":{"(11, 2021)":48730828378.0},"('Volume', 'mean')":{"(11, 2021)":35085528935.4827575684}}